DollarSales	UnitSales	VolumeSales	DisplayStores	Feature_DisplayStores	FeatureStores	PriceReductionStores 
40501.332	1074	1074	0.00	0.00	0.00	4.88
5978.961	128.369	128.369	0.00	0.00	0.00	0.00
31154.342	763.424	763.424	0.00	0.00	0.00	0.00
10424.705	213.484	213.484	0.00	0.00	0.00	0.00
177317.938	4551.321	4551.321	1.81	0.00	0.00	0.00
199895.297	3989.289	3989.289	0.00	0.00	0.00	14.15
75983.789	1560.164	1560.164	100.00	0.00	0.00	2.14
196564.953	4369.202	4369.202	0.00	0.00	0.00	0.00
48738.77	1283	1283	0.00	0.00	0.00	14.07
6103.63	130.454	130.454	0.00	0.00	0.00	0.00
32291.709	735.352	735.352	0.00	0.00	0.00	5.26
9604.145	195.277	195.277	0.00	0.00	0.00	0.00
203083.922	5212.302	5212.302	3.11	0.00	0.00	0.00
205769.328	4095.827	4095.827	0.00	0.00	0.00	15.18
81633.078	1676.142	1676.142	0.00	0.00	0.00	19.12
173455.797	3415.12	3415.12	0.00	0.00	0.00	0.00
58249.254	1550	1550	0.00	0.00	21.23	0.00
5777.666	124.257	124.257	0.00	0.00	0.00	0.00
30765.398	702.396	702.396	100.00	0.00	0.00	12.35
8671.797	177.266	177.266	0.00	0.00	0.00	0.00
192868.734	4950.916	4950.916	51.61	0.00	0.00	7.54
209619.516	5148.452	5148.452	0.00	0.00	29.15	0.00
71169.867	1467.32	1467.32	0.00	0.00	0.00	25.29
265717.719	6479.638	6479.638	0.00	0.00	0.00	0.00
52210.043	1379	1379	0.00	0.00	0.00	100.00
6018.582	129.356	129.356	0.00	0.00	0.00	0.00
32234.352	732.264	732.264	29.70	0.00	0.00	78.58
8733.461	179.496	179.496	0.00	0.00	0.00	0.00
215203.891	5524.368	5524.368	37.95	0.00	0.00	0.00
195310.281	3906.376	3906.376	0.00	0.00	0.00	31.82
76781.188	1593.326	1593.326	0.00	0.00	0.00	34.99
201556.422	4048.286	4048.286	0.00	0.00	0.00	0.00
43419.508	1127	1127	0.00	0.00	0.00	21.14
6009.396	129.189	129.189	0.00	0.00	0.00	0.00
30918.697	706.21	706.21	100.00	0.00	0.00	0.00
9373.898	211.61	211.61	0.00	0.00	0.00	0.00
185357.203	4759.425	4759.425	36.80	0.00	0.00	7.10
193143.328	3856.105	3856.105	0.00	0.00	0.00	51.08
99801.305	2414.411	2414.411	0.00	100.00	53.95	0.00
163415.312	3217.487	3217.487	0.00	0.00	0.00	0.00
50117.984	1308	1308	0.00	0.00	0.00	1.44
6474.71	138.132	138.132	0.00	0.00	0.00	0.00
35689.637	809.958	809.958	100.00	0.00	0.00	0.00
8938.706	198.578	198.578	0.00	0.00	0.00	0.00
223543.406	5737.219	5737.219	18.14	0.00	0.00	0.00
289405.594	6658.896	6658.896	0.00	0.00	39.31	0.00
80853.461	1668.306	1668.306	0.00	0.00	0.00	1.12
285367.438	6945.351	6945.351	0.00	0.00	0.00	0.00
50563.406	1311.623	1311.623	0.00	0.00	0.00	11.04
6421.629	137	137	0.00	0.00	0.00	0.00
31379.043	736.349	736.349	0.00	0.00	0.00	0.00
9619.312	216.611	216.611	0.00	0.00	0.00	0.00
212426.922	5454.143	5454.143	0.00	0.00	0.00	37.44
217522.344	4334.699	4334.699	0.00	0.00	0.00	100.00
76750.648	1569.111	1569.111	0.00	0.00	0.00	53.58
163726.578	3314.559	3314.559	0.00	0.00	0.00	0.00
65271.66	1710.954	1710.954	0.00	0.00	0.03	0.00
6975.5	150	150	0.00	0.00	0.00	0.00
38571.398	928	928	37.37	0.00	0.00	0.00
8498.347	192.035	192.035	0.00	0.00	0.00	0.00
233701.109	5999.419	5999.419	4.40	0.00	0.00	0.00
212634.281	4236.104	4236.104	0.00	0.00	0.00	67.80
80314.453	1665.131	1665.131	75.45	0.00	0.00	28.51
171337.219	3376.322	3376.322	0.00	0.00	0.00	0.00
60679.574	1719.09	1719.09	0.00	0.00	0.00	11.00
8258.04	196	196	0.00	0.00	15.92	0.00
36065.863	877	877	0.00	0.00	0.00	0.00
10227.368	228.046	228.046	0.00	0.00	0.00	0.00
226843.562	5823.525	5823.525	23.79	0.00	0.00	0.00
261892.656	6435.465	6435.465	0.00	0.00	11.37	0.00
108596.07	2632.233	2632.233	0.00	49.26	45.59	0.00
277106.688	6753.106	6753.106	0.00	0.00	0.00	0.00
50340.66	1468.639	1468.639	0.00	0.00	0.00	0.25
6219.669	133	133	0.00	0.00	0.00	0.00
30101.959	715	715	0.00	0.00	0.00	0.00
8251.08	174	174	0.00	0.00	0.00	0.00
204200.031	5241.129	5241.129	41.11	0.00	0.00	0.00
197940.203	3944.495	3944.495	0.00	0.00	0.00	3.61
80321.07	1643.142	1643.142	100.00	0.00	0.00	0.10
202951.016	4876.258	4876.258	0.00	0.00	0.00	0.00
49406.727	1398.658	1398.658	0.00	0.00	0.00	0.00
7539.389	161	161	0.00	0.00	0.00	0.00
30630.055	690	690	88.68	0.00	0.00	1.01
7695.376	159.108	159.108	0.00	0.00	0.00	0.00
209617.5	5380.563	5380.563	51.75	0.00	0.00	0.00
200745.203	3990.661	3990.661	0.00	0.00	0.00	51.60
77162.953	1576.131	1576.131	100.00	0.00	0.00	5.77
145582.781	2941.416	2941.416	0.00	0.00	0.00	0.00
53631.613	1629	1629	0.00	0.00	0.00	6.49
6797.55	145	145	0.00	0.00	0.00	0.00
33352.359	756.01	756.01	100.00	0.00	0.00	20.49
9288.554	192.23	192.23	0.00	0.00	0.00	0.00
212029.188	5440.134	5440.134	70.74	0.00	0.00	0.00
209609.016	4166.491	4166.491	0.00	0.00	0.00	100.00
78186.5	1612.116	1612.116	0.00	0.00	0.00	31.64
137673.25	2727.98	2727.98	0.00	0.00	0.00	0.00
57404.438	1714	1714	0.00	0.00	0.00	28.25
6505.589	141	141	0.00	0.00	0.00	0.00
33047.375	753	753	100.00	0.00	0.00	92.45
10723.409	223.154	223.154	0.00	0.00	0.00	0.00
217506.828	5581.364	5581.364	28.33	0.00	0.00	0.00
219042.203	4354.981	4354.981	0.00	0.00	0.00	100.00
110908.164	2667.282	2667.282	0.00	100.00	41.65	0.00
204986.391	4946.151	4946.151	0.00	0.00	0.00	0.00
49042.012	1313	1313	0.00	0.00	0.00	10.86
6595.589	141	141	0.00	0.00	0.00	0.00
30293.34	694.09	694.09	81.82	0.00	0.00	6.38
10125.529	213.323	213.323	0.00	0.00	0.00	0.00
224332.938	5759.071	5759.071	9.75	0.00	0.00	0.00
202630.531	4026.302	4026.302	0.00	0.00	0.00	17.09
79241.562	1618.116	1618.116	100.00	0.00	0.00	13.16
150808.469	3050.283	3050.283	0.00	0.00	0.00	0.00
52173.539	1383	1383	0.00	0.00	0.00	16.92
6458.61	139	139	0.00	0.00	0.00	0.00
31796.301	723.521	723.521	92.59	0.00	0.00	0.00
9644.131	200.079	200.079	0.00	0.00	0.00	0.00
217696.594	5588.157	5588.157	15.10	0.00	0.00	0.00
213497.531	4240.053	4240.053	0.00	0.00	0.00	16.08
76876.969	1571.126	1571.126	0.00	0.00	0.00	2.01
235928.344	5734.195	5734.195	0.00	0.00	0.00	0.00
61869.383	1741	1741	0.00	0.00	0.00	0.00
6558.599	140	140	0.00	0.00	0.00	0.00
37433.727	884.468	884.468	78.82	0.00	16.17	0.00
10000.81	207	207	0.00	0.00	0.00	0.00
229819.797	5898.708	5898.708	10.95	0.00	0.00	0.00
222324.484	4412.246	4412.246	0.00	0.00	0.00	16.74
78649.992	1603.142	1603.142	0.00	0.00	0.00	8.08
156308	3170.299	3170.299	0.00	0.00	0.00	0.00
61553.285	1744	1744	0.00	0.00	0.00	0.00
5403.33	117	117	0.00	0.00	0.00	0.00
35741.008	814.953	814.953	58.21	0.00	0.00	35.05
10695.64	224	224	0.00	0.00	0.00	0.00
238463.828	6120.852	6120.852	0.00	0.00	0.00	100.00
221854.984	4411.952	4411.952	0.00	0.00	0.00	0.00
76674.281	1572.203	1572.203	0.00	0.00	0.00	0.00
149651.234	2963.907	2963.907	0.00	0.00	0.00	0.00
56677.246	1469	1469	0.00	0.00	0.00	2.15
7004.999	150	150	0.00	0.00	0.00	0.00
33451.387	759.723	759.723	44.24	0.00	0.00	0.00
10889.42	240	240	0.00	0.00	0.00	0.00
235144.938	6036.745	6036.745	0.00	0.00	0.00	0.00
235473.359	5785.113	5785.113	0.00	0.00	1.76	0.00
79608.391	1620.192	1620.192	0.00	0.00	0.00	2.03
251997.062	6120.355	6120.355	0.00	0.00	0.00	0.00
52960.383	1378.809	1378.809	0.00	0.00	0.00	10.47
6064.7	130	130	0.00	0.00	0.00	0.00
35623.547	811.493	811.493	95.56	0.00	0.00	0.00
11700.43	258	258	0.00	0.00	0.00	0.00
235781.312	6051.25	6051.25	0.00	0.00	0.00	0.00
207007.422	4124.141	4124.141	0.00	0.00	0.00	0.85
79146.078	1612.174	1612.174	0.00	0.00	0.00	4.25
145372.281	2948.676	2948.676	0.00	0.00	0.00	0.00
57705.012	1494.562	1494.562	0.00	0.00	0.00	0.00
8636.03	201.531	201.531	0.00	0.00	0.00	0.00
36090.613	842.34	842.34	0.00	0.00	0.00	0.00
10271.066	226.283	226.283	0.00	0.00	0.00	0.00
229986.438	5903.65	5903.65	100.00	0.00	0.00	0.00
216533.797	4302.395	4302.395	0.00	0.00	0.00	4.06
82851.883	1689.234	1689.234	0.00	0.00	0.00	0.00
256296.625	6213.951	6213.951	0.00	0.00	0.00	0.00
67527.125	1834.588	1834.588	0.00	0.00	0.00	0.00
7932.001	169.313	169.313	0.00	0.00	0.00	0.00
40425.984	978.618	978.618	0.00	0.00	0.00	0.00
11134.283	248.376	248.376	0.00	0.00	0.00	0.00
238942.109	6131.126	6131.126	0.00	0.00	0.00	0.00
215034	4282.767	4282.767	0.00	0.00	0.00	0.00
79834.781	1646.219	1646.219	0.00	0.00	0.00	0.00
148614.172	3035.07	3035.07	0.00	0.00	0.00	0.00
66945.617	1728.908	1728.908	0.00	0.00	0.00	17.19
9568.287	228.287	228.287	0.00	0.00	12.96	0.00
42445.637	1064.349	1064.349	0.00	0.00	0.00	0.00
11370.008	255.276	255.276	0.00	0.00	0.00	0.00
248139.141	6372.246	6372.246	0.00	0.00	0.00	42.26
282778.5	6949.978	6949.978	0.00	0.00	3.48	0.00
120550.156	2912.464	2912.464	0.00	0.00	10.27	0.00
259243.75	6285.372	6285.372	0.00	0.00	0.00	0.00
57473.902	1475	1475	0.00	0.00	0.00	9.47
6586.321	141.133	141.133	0.00	0.00	0.00	0.00
35054.609	832.523	832.523	0.00	0.00	0.00	0.00
10524.851	233.205	233.205	0.00	0.00	0.00	0.00
226613.484	5817.55	5817.55	0.00	0.00	0.00	26.37
211834.891	4227.229	4227.229	0.00	0.00	0.00	46.16
80208.164	1631.245	1631.245	0.00	0.00	0.00	3.72
147867.875	3006.174	3006.174	0.00	0.00	0.00	0.00
68006.484	1757	1757	0.00	0.00	6.87	0.00
5972.881	128.248	128.248	0.00	0.00	0.00	0.00
31361.994	715.687	715.687	0.00	0.00	0.00	0.00
10927.174	241.217	241.217	0.00	0.00	0.00	0.00
223755.625	5743.631	5743.631	43.24	0.00	0.00	67.01
200488.641	3995.286	3995.286	0.00	0.00	0.00	0.00
77262.297	1567.469	1567.469	100.00	0.00	0.00	18.08
244833.484	5938.708	5938.708	0.00	0.00	0.00	0.00
54492.164	1407	1407	0.00	0.00	0.00	100.00
6114.579	131.179	131.179	0.00	0.00	0.00	0.00
38493.887	921.778	921.778	100.00	0.00	35.78	60.01
11498.72	249	249	0.00	0.00	0.00	0.00
222549.422	5711.557	5711.557	16.87	0.00	0.00	0.00
288630.438	6636.687	6636.687	0.00	0.00	38.84	0.00
79066.172	1606.432	1606.432	100.00	0.00	0.00	32.87
150144.109	3058.104	3058.104	0.00	0.00	0.00	0.00
56557.91	1451	1451	0.00	0.00	0.00	44.26
6665.876	143.283	143.283	0.00	0.00	0.00	0.00
33915.023	769.694	769.694	100.00	0.00	0.00	69.51
11318.85	245	245	0.00	0.00	0.00	0.00
246791.891	6333.737	6333.737	0.00	0.00	0.00	99.99
210420.609	4183.358	4183.358	0.00	0.00	0.00	100.00
77059.062	1569.436	1569.436	0.00	0.00	0.00	29.65
243431.938	5849.73	5849.73	0.00	0.00	0.00	0.00
57285.121	1472	1472	0.00	0.00	0.00	100.00
8669.946	185.567	185.567	0.00	0.00	0.00	0.00
34628.734	794	794	0.00	0.00	0.00	0.00
12366.898	270	270	0.00	0.00	0.00	0.00
231794.312	5948.471	5948.471	75.06	0.00	0.00	100.00
229490.219	4555.884	4555.884	0.00	0.00	0.00	100.00
80225.867	1623.444	1623.444	14.94	0.00	0.00	40.26
150406.094	3041.4	3041.4	0.00	0.00	0.00	0.00
69069.93	1781	1781	0.00	0.00	74.83	0.00
7649.87	163.181	163.181	0.00	0.00	0.00	0.00
35150.383	806	806	0.00	0.00	0.00	90.31
11623.639	258	258	0.00	0.00	0.00	0.00
241928.719	6209.251	6209.251	0.00	0.00	0.00	100.00
243677.094	4835.272	4835.272	0.00	0.00	0.00	100.00
86671.555	1759.515	1759.515	0.00	0.00	0.00	100.00
187777.953	4058.205	4058.205	0.00	0.00	0.00	0.00
57243.984	1468	1468	0.00	0.00	0.00	100.00
7191.8	154.146	154.146	0.00	0.00	0.00	100.00
33990.289	782	782	0.00	0.00	0.00	27.54
10438.709	232	232	0.00	0.00	0.00	0.00
232866.953	5977.166	5977.166	100.00	0.00	0.00	100.00
243802.125	4847.476	4847.476	0.00	0.00	0.00	100.00
86017.125	1744.144	1744.144	100.00	0.00	0.00	100.00
154854.703	3092.31	3092.31	0.00	0.00	0.00	0.00
59765.285	1537	1537	0.00	0.00	0.00	83.34
7983.79	171	171	0.00	0.00	0.00	0.00
44580.969	1072	1072	0.00	0.00	100.00	100.00
10265.561	225	225	0.00	0.00	0.00	0.00
264307.188	6783.512	6783.512	46.16	0.00	0.00	100.00
238240.734	4745.752	4745.752	0.00	0.00	0.00	100.00
83269.859	1710.914	1710.914	0.00	0.00	0.00	82.42
159208.266	3158.996	3158.996	0.00	0.00	0.00	0.00
60315.578	1556	1556	0.00	0.00	0.00	100.00
6579.524	141.116	141.116	0.00	0.00	0.00	0.00
37913.188	869.066	869.066	100.00	0.00	0.00	75.53
11948.379	265	265	0.00	0.00	0.00	0.00
251409.766	6453.871	6453.871	0.00	0.00	0.00	100.00
279848.812	6896.79	6896.79	0.00	0.00	92.12	0.00
113790.734	2750.412	2750.412	0.00	0.00	85.71	0.00
225049.391	5159.66	5159.66	0.00	0.00	0.00	0.00
61740.785	1591	1591	0.00	0.00	0.00	100.00
6834.479	146.375	146.375	0.00	0.00	0.00	0.00
38586.176	894.136	894.136	100.00	0.00	0.00	27.02
11533.51	298.531	298.531	0.00	0.00	0.00	0.00
266211.406	6831.641	6831.641	38.90	0.00	0.00	100.00
257894.266	5137.452	5137.452	0.00	0.00	0.00	86.73
93541.234	1894.989	1894.989	100.00	0.00	0.00	41.90
179150.203	3644.261	3644.261	0.00	0.00	0.00	0.00
64462.82	1661	1661	0.00	0.00	0.00	100.00
7422.867	158.442	158.442	0.00	0.00	0.00	0.00
40815.496	981.111	981.111	0.00	0.00	0.00	33.48
10780.479	273.159	273.159	0.00	0.00	0.00	0.00
260129.25	6675.631	6675.631	19.82	0.00	0.00	40.62
281514.781	5599.938	5599.938	0.00	0.00	0.00	100.00
96415.125	1949.03	1949.03	100.00	0.00	0.00	34.84
168747.562	3390.256	3390.256	0.00	0.00	0.00	0.00
86109.992	2237	2237	0.00	0.00	44.43	0.00
8104.652	173.118	173.118	0.00	0.00	0.00	0.00
45327.117	1096.131	1096.131	0.00	0.00	0.00	9.17
12342.8	317.201	317.201	0.00	0.00	0.00	0.00
282872.781	7260.702	7260.702	100.00	0.00	0.00	33.62
256002.281	5095.958	5095.958	0.00	0.00	0.00	46.18
90658.492	1852.234	1852.234	0.00	0.00	0.00	70.49
175577.109	3528.054	3528.054	0.00	0.00	0.00	0.00
77804.266	2025	2025	0.00	0.00	0.00	100.00
9307.703	220.195	220.195	0.00	0.00	29.64	0.00
52047.691	1298	1298	6.93	0.00	17.23	13.42
11499.385	287.162	287.162	0.00	0.00	0.00	0.00
301022.125	7727.056	7727.056	11.29	0.00	0.00	82.70
338953.25	8372.054	8372.054	0.00	0.00	58.09	0.00
136171.156	3302.375	3302.375	0.00	0.00	61.43	0.00
258733.844	5956.282	5956.282	0.00	0.00	0.00	0.00
63277.43	1663	1663	0.00	0.00	0.00	7.98
7071.489	151	151	0.00	0.00	0.00	0.00
39745.699	934	934	0.00	0.00	0.00	4.56
9594.99	199	199	0.00	0.00	0.00	0.00
261817.703	6719.762	6719.762	5.50	0.00	0.00	100.00
268265.969	5345.08	5345.08	0.00	0.00	0.00	53.71
90794.094	1844.408	1844.408	100.00	0.00	0.00	9.57
162116.047	3255.509	3255.509	0.00	0.00	0.00	0.00
59217.395	1582	1582	0.00	0.00	0.00	39.66
7872.593	168.093	168.093	0.00	0.00	0.00	0.00
37824.441	855	855	0.00	0.00	0.00	26.03
10058.029	209	209	0.00	0.00	0.00	0.00
270954.094	6954.007	6954.007	0.00	0.00	0.00	100.00
261595.562	5178.752	5178.752	0.00	0.00	0.00	100.00
88027.18	1786.413	1786.413	72.42	0.00	0.00	7.44
236837.703	5651.783	5651.783	0.00	0.00	0.00	0.00
60223.293	1590	1590	0.00	0.00	0.00	39.55
8164.356	174.089	174.089	0.00	0.00	0.00	0.00
36070.211	816	816	100.00	0.00	0.00	100.00
11941.279	247.203	247.203	0.00	0.00	0.00	0.00
275000.188	7060.72	7060.72	23.61	0.00	0.00	69.71
251605.141	4980.47	4980.47	0.00	0.00	0.00	100.00
94260.094	1905.494	1905.494	0.00	0.00	0.00	4.88
178758.203	3632.033	3632.033	0.00	0.00	0.00	0.00
56799.465	1463	1463	0.00	0.00	0.00	14.94
8192.536	175.116	175.116	0.00	0.00	0.00	0.00
39214.777	888	888	0.00	0.00	0.00	51.89
12816.733	261.083	261.083	0.00	0.00	0.00	0.00
291367.844	7478.326	7478.326	0.00	0.00	0.00	51.00
235235.188	4657.013	4657.013	0.00	0.00	0.00	56.13
87765.438	1772.411	1772.411	100.00	0.00	0.00	0.00
234946.766	5084.679	5084.679	0.00	0.00	0.00	0.00
63829.93	1642.725	1642.725	0.00	0.00	0.00	26.84
7328.417	157.14	157.14	0.00	0.00	0.00	0.00
39525.758	891	891	21.78	0.00	0.00	42.86
11567.643	243.052	243.052	0.00	0.00	0.00	0.00
273302.312	7014.653	7014.653	46.68	0.00	0.00	35.05
244071.812	4836.184	4836.184	0.00	0.00	0.00	54.02
92891.727	1885.199	1885.199	0.00	0.00	0.00	25.42
244252.312	5295.219	5295.219	0.00	0.00	0.00	0.00
73830.047	1898.15	1898.15	0.00	0.00	26.36	0.00
8481.236	181.132	181.132	0.00	0.00	0.00	0.00
40311.262	909.028	909.028	72.18	0.00	0.00	0.00
10564.976	226.09	226.09	0.00	0.00	0.00	0.00
290758.656	7462.292	7462.292	0.00	0.00	0.00	58.86
330037.031	7517.572	7517.572	0.00	0.00	32.32	0.00
94050.266	1907.474	1907.474	0.00	0.00	0.00	12.86
179141.938	3623.371	3623.371	0.00	0.00	0.00	0.00
62606.266	1603.66	1603.66	0.00	0.00	0.00	31.90
8060.279	172	172	0.00	0.00	0.00	0.00
37642.246	852.21	852.21	0.00	0.00	0.00	57.41
12645.58	252	252	0.00	0.00	0.00	0.00
286418.438	7351.868	7351.868	41.76	0.00	0.00	53.46
260249.75	5155.822	5155.822	0.00	0.00	0.00	79.82
97202.422	1962.588	1962.588	75.44	0.00	0.00	4.13
230700.812	4990.322	4990.322	0.00	0.00	0.00	0.00
66790.273	1894	1894	0.00	0.00	0.00	15.59
8855.109	189	189	0.00	0.00	0.00	0.00
43572.949	1020.719	1020.719	14.73	0.00	0.00	2.08
11732.949	225	225	0.00	0.00	0.00	0.00
309529.594	7945.312	7945.312	0.00	0.00	0.00	100.00
246908.938	4896.119	4896.119	0.00	0.00	0.00	100.00
94686.992	1919.571	1919.571	100.00	0.00	0.00	0.00
192028.312	3894.506	3894.506	0.00	0.00	0.00	0.00
59366.848	1681	1681	0.00	0.00	0.00	14.41
8465.189	181	181	0.00	0.00	0.00	0.00
42728.035	962.955	962.955	0.44	0.00	0.00	0.00
10390.819	200	200	0.00	0.00	0.00	0.00
317230.656	8140.163	8140.163	11.86	0.00	0.00	72.15
306304.719	7553.454	7553.454	0.00	0.00	41.12	0.00
93108.398	1884.636	1884.636	100.00	0.00	0.00	34.78
274503.125	6578.632	6578.632	0.00	0.00	0.00	0.00
60251.195	1544	1544	0.00	0.00	0.00	100.00
9222.529	197	197	0.00	0.00	0.00	0.00
40482.32	919.742	919.742	100.00	0.00	0.00	0.00
10931.65	209	209	0.00	0.00	0.00	0.00
314695.188	8077.839	8077.839	11.36	0.00	0.00	100.00
240240.391	4782.926	4782.926	0.00	0.00	0.00	72.90
93360.547	1891.293	1891.293	100.00	0.00	0.00	10.43
293152.438	7057.509	7057.509	0.00	0.00	0.00	0.00
66450.195	1705	1705	0.00	0.00	0.00	7.07
8433.688	180.117	180.117	0.00	0.00	0.00	0.00
44088.434	1000.64	1000.64	46.26	0.00	0.00	28.97
11814.31	227	227	0.00	0.00	0.00	0.00
351458.594	9020.656	9020.656	30.65	0.00	0.00	96.98
266033.781	5284.669	5284.669	0.00	0.00	0.00	100.00
103909.234	2107.411	2107.411	100.00	0.00	0.00	80.98
187606.906	3845.856	3845.856	0.00	0.00	0.00	0.00
62173.414	1595	1595	0.00	0.00	0.00	100.00
9100.85	194.23	194.23	0.00	0.00	0.00	0.00
49283.387	1144	1144	20.13	0.00	0.00	17.36
10996.129	211	211	0.00	0.00	0.00	0.00
341327.344	8758.965	8758.965	19.70	0.00	0.00	96.18
327971.75	7465.614	7465.614	0.00	0.00	53.37	0.00
100149.359	2056.31	2056.31	0.00	0.00	0.00	81.52
250978.406	5985.16	5985.16	0.00	0.00	0.00	0.00
64746.496	1665	1665	0.00	0.00	0.00	61.74
7913.935	169.226	169.226	0.00	0.00	0.00	0.00
53105.863	1308.159	1308.159	0.00	0.00	9.05	6.78
11177.561	224	224	0.00	0.00	0.00	0.00
324569.219	8331.269	8331.269	16.61	0.00	0.00	100.00
253725.438	5051.787	5051.787	0.00	0.00	0.00	75.92
148228.062	3604.558	3604.558	0.00	100.00	79.21	0.00
196096.594	4023.768	4023.768	0.00	0.00	0.00	0.00
60971.246	1572	1572	0.00	0.00	0.00	8.56
8858.525	189.158	189.158	0.00	0.00	0.00	0.00
43640.867	1051.12	1051.12	0.00	0.00	0.00	0.00
10929.168	231	231	0.00	0.00	0.00	0.00
308590.75	7919.792	7919.792	5.68	0.00	7.23	37.27
271069.188	6677.299	6677.299	0.00	0.00	28.58	0.00
93501.469	1897.293	1897.293	0.00	0.00	0.00	22.21
233323.484	5528.099	5528.099	0.00	0.00	0.00	0.00
81411.141	2118	2118	0.00	0.00	15.32	0.00
9180.039	196	196	0.00	0.00	0.00	0.00
46753.57	1128.811	1128.811	100.00	0.00	0.00	7.14
10526.369	223	223	0.00	0.00	0.00	0.00
336910.938	8646	8646	31.10	0.00	0.00	37.18
254178.609	5087.124	5087.124	0.00	0.00	0.00	14.91
104888.141	2130.461	2130.461	100.00	0.00	0.00	43.19
242565.688	5730.972	5730.972	0.00	0.00	0.00	0.00
71834.453	1861	1861	0.00	0.00	0.00	32.67
9282.994	200.366	200.366	0.00	0.00	0.00	0.00
48639.566	1169.982	1169.982	0.00	0.00	0.00	0.00
10647.029	225	225	0.00	0.00	0.00	0.00
350330.656	8995	8995	27.32	0.00	0.00	35.38
316163.25	7788.504	7788.504	0.00	0.00	24.61	0.00
165749.703	4044.434	4044.434	0.00	100.00	58.78	0.00
299078	7194.156	7194.156	0.00	0.00	0.00	0.00
68652.398	1773.815	1773.815	0.00	0.00	0.00	8.51
11382.358	280.721	280.721	0.00	0.00	30.75	0.00
55965.805	1340.407	1340.407	0.00	0.00	0.00	0.00
13110.299	262	262	0.00	0.00	0.00	0.00
419137.406	10758	10758	0.00	50.75	22.93	0.00
459924.281	10599.994	10599.994	0.00	0.00	46.08	0.00
125160.859	2745.389	2745.389	0.00	0.00	49.10	0.00
274974.719	6453.636	6453.636	0.00	0.00	0.00	0.00
52496.637	1344.152	1344.152	0.00	0.00	0.00	14.61
8141.958	180.484	180.484	0.00	0.00	0.00	0.00
35585.082	845.272	845.272	13.87	0.00	0.00	0.00
9826.641	188	188	0.00	0.00	0.00	0.00
226042.188	5801	5801	0.00	0.00	0.00	100.00
219063.734	4355.602	4355.602	0.00	0.00	0.00	66.31
79218.641	1612.185	1612.185	34.34	0.00	0.00	2.34
159250.719	3202.229	3202.229	0.00	0.00	0.00	0.00
61816.828	1590.319	1590.319	0.00	0.00	0.00	37.80
7600.709	168.476	168.476	0.00	0.00	0.00	0.00
39792.402	899.787	899.787	31.61	0.00	0.00	12.66
9879.76	190	190	0.00	0.00	0.00	0.00
252347.5	6475.346	6475.346	2.99	0.00	0.00	100.00
242319.781	4811.418	4811.418	0.00	0.00	0.00	0.00
89079.781	1817.24	1817.24	44.93	0.00	0.00	24.25
156296.938	3158.729	3158.729	0.00	0.00	0.00	0.00
56294.094	1445	1445	0.00	0.00	0.00	41.82
7017.429	155.355	155.355	0.00	0.00	0.00	0.00
36813.004	827.573	827.573	49.82	0.00	0.00	100.00
8621.378	165.117	165.117	0.00	0.00	0.00	0.00
237524.281	6095.218	6095.218	0.00	0.00	0.00	0.00
250846.812	6150.412	6150.412	0.00	0.00	35.23	0.00
77329.844	1577.174	1577.174	0.00	0.00	0.00	53.88
170073.531	3520.516	3520.516	0.00	0.00	0.00	0.00
61890.336	1593	1593	0.00	0.00	0.00	40.34
9120.552	203.569	203.569	0.00	0.00	0.00	0.00
38613.512	883.883	883.883	61.95	0.00	0.00	42.93
9155.006	175.036	175.036	0.00	0.00	0.00	0.00
260063.516	6675.316	6675.316	31.21	0.00	0.00	0.00
220102.312	4374.056	4374.056	0.00	0.00	0.00	33.22
81764.078	1681.211	1681.211	96.07	0.00	0.00	28.04
145500.781	2916.157	2916.157	0.00	0.00	0.00	0.00
56870.078	1466	1466	0.00	0.00	0.00	86.67
7195.017	160.369	160.369	0.00	0.00	0.00	0.00
33320.605	769.851	769.851	0.00	0.00	0.00	100.00
10496.412	226.349	226.349	0.00	0.00	0.00	0.00
245448.047	6300.128	6300.128	18.35	0.00	0.00	35.14
214246.281	4239.704	4239.704	0.00	0.00	0.00	43.53
126768.359	3075.324	3075.324	0.00	0.00	76.82	0.00
157102.719	3145.519	3145.519	0.00	0.00	0.00	0.00
48839.586	1252.69	1252.69	0.00	0.00	0.00	0.00
7653.097	170.551	170.551	0.00	0.00	0.00	0.00
35546.883	816.393	816.393	2.03	0.00	0.00	19.93
12223.592	265.486	265.486	0.00	0.00	0.00	0.00
227186.531	5830.523	5830.523	15.61	0.00	0.00	100.00
218336.141	4328.236	4328.236	0.00	0.00	0.00	1.81
83755.266	1699.233	1699.233	0.00	0.00	0.00	23.24
177246.078	3702.614	3702.614	0.00	0.00	0.00	0.00
47871.531	1235.361	1235.361	0.00	0.00	0.00	39.64
8039.002	179.24	179.24	0.00	0.00	0.00	0.00
36639.418	850.399	850.399	11.80	0.00	0.00	0.00
8480.499	184.226	184.226	0.00	0.00	0.00	0.00
259856.203	6668.214	6668.214	100.00	0.00	0.00	43.90
220478.016	4396.12	4396.12	0.00	0.00	0.00	100.00
85699.922	1745.183	1745.183	0.00	0.00	0.00	7.82
146596.609	2930.334	2930.334	0.00	0.00	0.00	0.00
57371.898	1477.769	1477.769	0.00	0.00	0.00	80.01
9034.826	201.219	201.219	0.00	0.00	0.00	0.00
40769.031	978.596	978.596	82.08	0.00	0.00	0.00
9718.091	221.272	221.272	0.00	0.00	0.00	0.00
258510.75	6634.838	6634.838	100.00	0.00	0.00	48.84
280792.5	6384.358	6384.358	0.00	0.00	48.40	0.00
83811.547	1699.207	1699.207	0.00	0.00	0.00	12.51
143135.484	2861.484	2861.484	0.00	0.00	0.00	0.00
65947.422	1703.345	1703.345	0.00	0.00	5.41	0.00
8856.728	197.316	197.316	0.00	0.00	0.00	0.00
37055.559	887.197	887.197	0.00	0.00	0.00	0.00
10273.059	233.269	233.269	0.00	0.00	0.00	0.00
252534.031	6482.318	6482.318	48.07	0.00	0.00	0.00
207897.484	4153.579	4153.579	0.00	0.00	0.00	36.53
80155.625	1638.188	1638.188	0.00	0.00	0.00	0.00
142785.75	2855.456	2855.456	0.00	0.00	0.00	0.00
71128.734	2009	2009	0.00	0.00	0.00	5.70
10119.354	252.195	252.195	0.00	0.00	12.46	0.00
42131.664	1042.35	1042.35	0.00	0.00	31.57	3.31
10289.548	233.133	233.133	0.00	0.00	0.00	0.00
265196.062	6810.899	6810.899	0.00	0.00	0.00	52.38
308161.562	7576.412	7576.412	0.00	0.00	17.33	0.00
132057.578	3196.4	3196.4	0.00	0.00	53.38	0.00
164051.125	3405.314	3405.314	0.00	0.00	0.00	0.00
63985.133	1817	1817	0.00	0.00	0.00	0.86
8050.7	179.211	179.211	0.00	0.00	0.00	92.33
36155.594	856.374	856.374	9.64	0.00	0.00	19.76
8543.447	186.107	186.107	0.00	0.00	0.00	0.00
255938.75	6568.086	6568.086	0.00	0.00	0.00	0.00
237021.719	4734.736	4734.736	0.00	0.00	0.00	52.05
95109.344	1922.227	1922.227	0.00	0.00	0.00	41.83
135062.203	2661.875	2661.875	0.00	0.00	0.00	0.00
48195.039	1241	1241	0.00	0.00	0.00	100.00
7647.122	170.241	170.241	0.00	0.00	0.00	0.00
33809.051	772.029	772.029	0.00	0.00	0.00	80.86
9760.629	213	213	0.00	0.00	0.00	0.00
250123.047	6421.798	6421.798	5.15	0.00	0.00	0.00
234835.781	4674.101	4674.101	0.00	0.00	0.00	100.00
83858.172	1705.226	1705.226	0.00	0.00	0.00	30.63
137732.844	2683.883	2683.883	0.00	0.00	0.00	0.00
55700.871	1433	1433	0.00	0.00	0.00	0.00
9608.678	214.285	214.285	0.00	0.00	0.00	0.00
36789.805	846.622	846.622	14.46	0.00	0.00	42.86
9416.529	195	195	0.00	0.00	0.00	0.00
267320.469	6862.353	6862.353	47.28	0.00	0.00	0.00
238473.312	4747.371	4747.371	0.00	0.00	0.00	13.32
136097.312	3284.982	3284.982	0.00	0.00	69.49	0.00
161791.672	3271.701	3271.701	0.00	0.00	0.00	0.00
51021.785	1311	1311	0.00	0.00	0.00	0.00
8089.034	180.152	180.152	0.00	0.00	0.00	0.00
38454.578	916.969	916.969	0.00	94.04	1.35	23.70
9163.1	176	176	0.00	0.00	0.00	0.00
250490.312	6429.911	6429.911	15.74	0.00	0.00	100.00
238395.531	4753.609	4753.609	0.00	0.00	0.00	71.00
91250.711	1850.531	1850.531	0.00	0.00	20.66	0.00
155813.656	3033.947	3033.947	0.00	0.00	0.00	0.00
52356.215	1344	1344	0.00	0.00	0.00	36.18
8805.745	196.26	196.26	0.00	0.00	0.00	69.47
35682.984	818.058	818.058	76.68	0.00	0.00	33.34
9360.399	180	180	0.00	0.00	0.00	0.00
252529.516	6484.169	6484.169	9.70	0.00	0.00	0.00
274570.719	6739.758	6739.758	0.00	0.00	23.01	0.00
97252.852	1965.602	1965.602	0.00	0.00	24.43	0.00
181304.062	3709.544	3709.544	0.00	0.00	0.00	0.00
60570.707	1552	1552	0.00	0.00	0.00	0.33
9529.242	212.119	212.119	0.00	0.00	0.00	0.00
37210.867	855.757	855.757	0.00	0.00	0.00	0.00
8913.359	172	172	0.00	0.00	0.00	0.00
251666.094	6460.094	6460.094	0.00	0.00	0.00	0.00
237544.906	4748.83	4748.83	0.00	0.00	0.00	13.65
99955.781	2022.584	2022.584	0.00	0.00	11.78	0.00
160440.125	3120.554	3120.554	0.00	0.00	0.00	0.00
61310.621	1570	1570	0.00	0.00	0.00	0.00
9660.434	216.654	216.654	0.00	0.00	0.00	0.00
39439.105	939.418	939.418	0.00	7.77	1.32	0.00
10622.37	203	203	0.00	0.00	0.00	0.00
278405.781	7145.19	7145.19	0.00	0.00	0.00	0.00
244360.578	4859.041	4859.041	0.00	0.00	0.00	2.35
92529.422	1868.535	1868.535	0.00	0.00	0.00	0.00
160384.594	3143.991	3143.991	0.00	0.00	0.00	0.00
74790.664	1928	1928	0.00	0.00	1.93	0.00
8461.797	189.299	189.299	0.00	0.00	0.00	47.08
38042.168	878.51	878.51	43.85	0.00	0.00	0.00
11053.55	213	213	0.00	0.00	0.00	0.00
279829.281	7185.078	7185.078	0.27	0.00	0.00	22.69
229138.938	4556.794	4556.794	0.00	0.00	0.00	3.22
90706.891	1831.591	1831.591	0.00	0.00	0.00	0.00
209600.719	4401.144	4401.144	0.00	0.00	0.00	0.00
63621.766	1630.774	1630.774	0.00	0.00	0.00	0.00
8364.5	190.256	190.256	0.00	0.00	0.00	0.00
37771.055	880.664	880.664	0.00	0.00	0.00	0.00
10352.311	206.328	206.328	0.00	0.00	0.00	0.00
277809.188	7130.424	7130.424	16.99	0.00	0.00	1.55
221454.016	4405.959	4405.959	0.00	0.00	0.00	34.52
87668.391	1765.532	1765.532	0.00	0.00	0.00	0.00
146916.453	2871.336	2871.336	0.00	0.00	0.00	0.00
62400.148	1601.396	1601.396	0.00	0.00	0.00	90.85
8764.09	200.248	200.248	0.00	0.00	0.00	0.00
40946.832	975.641	975.641	11.07	0.00	0.00	0.00
9820.289	207.101	207.101	0.00	0.00	0.00	0.00
282364.938	7249.875	7249.875	0.00	0.00	0.00	4.96
235100.5	4678.491	4678.491	0.00	0.00	0.00	6.51
87656.992	1769.536	1769.536	0.00	0.00	0.00	4.52
153920.766	3007.169	3007.169	0.00	0.00	0.00	0.00
61183.836	1567.313	1567.313	0.00	0.00	0.00	0.00
8190.55	186.835	186.835	0.00	0.00	0.00	0.00
43088.152	1033.429	1033.429	0.00	0.00	0.00	0.33
9635.156	203.131	203.131	0.00	0.00	0.00	0.00
276857.312	7104.478	7104.478	6.55	0.00	0.00	48.46
231905.25	4628.519	4628.519	0.00	0.00	0.00	0.00
81021.125	1646.457	1646.457	0.00	0.00	0.00	0.00
142638.812	2795.102	2795.102	0.00	0.00	0.00	0.00
66404.891	1702.463	1702.463	0.00	0.00	0.00	18.49
9885.284	254.05	254.05	0.00	0.00	0.27	0.00
44575.586	1106.664	1106.664	0.00	37.44	9.65	1.49
11605.598	244.119	244.119	0.00	0.00	0.00	0.00
292952.5	7521.734	7521.734	43.94	0.00	0.00	73.17
300224.594	7398.595	7398.595	0.00	0.00	6.63	0.00
141653.844	3426.069	3426.069	0.00	0.00	45.85	0.00
267338.156	6703.112	6703.112	0.00	0.00	0.00	0.00
61003.996	1793.694	1793.694	0.00	0.00	0.00	0.00
8640.437	196.751	196.751	0.00	0.00	0.00	0.00
34025.48	804.812	804.812	63.95	0.00	0.00	0.00
10325.236	209.122	209.122	0.00	0.00	0.00	0.00
274595.438	7048.34	7048.34	44.21	0.00	0.00	96.84
226288.875	4528.269	4528.269	0.00	0.00	0.00	42.34
86140.867	1740.232	1740.232	0.00	0.00	0.00	21.46
152422.641	3017.783	3017.783	0.00	0.00	0.00	0.00
60428.734	1768	1768	0.00	0.00	0.00	1.66
8715.752	198.882	198.882	0.00	0.00	0.00	0.00
32326.229	738.218	738.218	61.25	0.00	0.00	0.00
9886.379	190	190	0.00	0.00	0.00	0.00
281315.75	7220.34	7220.34	43.77	0.00	0.00	67.61
228872.641	4550.056	4550.056	0.00	0.00	0.00	83.23
86663.758	1746.25	1746.25	0.00	0.00	0.00	0.09
167877.859	3277.172	3277.172	0.00	0.00	0.00	0.00
65195.676	1681	1681	0.00	0.00	16.67	0.00
7696.306	177.075	177.075	0.00	0.00	0.00	0.00
35805.277	815.598	815.598	100.00	0.00	0.00	100.00
10513.76	202	202	0.00	0.00	0.00	0.00
269408.031	6915.582	6915.582	71.03	0.00	0.00	41.62
241430.734	4802.888	4802.888	0.00	0.00	0.00	0.00
84479.352	1697.222	1697.222	0.00	0.00	0.00	21.32
164035.906	3213.691	3213.691	0.00	0.00	0.00	0.00
56562.281	1451	1451	0.00	0.00	0.00	60.34
8388.787	191.613	191.613	0.00	0.00	0.00	0.00
34629.598	788.857	788.857	100.00	0.00	0.00	61.16
9282.58	178	178	0.00	0.00	0.00	0.00
261819.984	6721.552	6721.552	85.79	0.00	0.00	87.51
258796.406	5554.937	5554.937	0.00	0.00	46.46	0.00
78016.953	1569.197	1569.197	0.00	0.00	0.00	52.72
268125.875	6715.034	6715.034	0.00	0.00	0.00	0.00
58032.344	1493	1493	0.00	0.00	0.00	42.28
8399.377	191.161	191.161	0.00	0.00	0.00	0.00
34250.125	780.46	780.46	63.04	0.00	0.00	100.00
10910.399	210	210	0.00	0.00	0.00	0.00
263060.25	6753.829	6753.829	38.56	0.00	0.00	48.75
238484.969	4747.7	4747.7	0.00	0.00	0.00	100.00
96722.992	2108.258	2108.258	0.00	0.00	81.39	0.00
179211.406	4026.799	4026.799	0.00	0.00	0.00	0.00
51798.336	1329	1329	0.00	0.00	0.00	31.58
8836.186	202.26	202.26	0.00	0.00	0.00	0.00
41283.035	978.428	978.428	0.00	100.00	64.35	100.00
8838.39	169	169	0.00	0.00	0.00	0.00
273793.688	7026.343	7026.343	100.00	0.00	0.00	100.00
236034.281	4691.77	4691.77	0.00	0.00	0.00	100.00
88352.969	1784.221	1784.221	0.00	0.00	0.00	84.01
181561.234	4063.206	4063.206	0.00	0.00	0.00	0.00
53490.102	1369	1369	0.00	0.00	0.00	1.88
8539.67	195.173	195.173	0.00	0.00	0.00	0.00
39311.883	894.937	894.937	17.64	0.00	0.00	100.00
9283.33	179	179	0.00	0.00	0.00	0.00
277297.531	7118.903	7118.903	100.00	0.00	0.00	100.00
238478.719	4751.867	4751.867	0.00	0.00	0.00	100.00
90934.484	1820.226	1820.226	0.00	0.00	0.00	63.96
152230.328	3007.563	3007.563	0.00	0.00	0.00	0.00
89548.961	2651	2651	0.00	0.00	87.15	0.00
8683.053	198.185	198.185	0.00	0.00	0.00	0.00
43837.012	1016.09	1016.09	100.00	0.00	0.00	100.00
9232.109	177	177	0.00	0.00	0.00	0.00
298039.906	7647.528	7647.528	100.00	0.00	0.00	100.00
299471.062	7373.279	7373.279	0.00	0.00	98.54	0.00
90899.781	1821.236	1821.236	0.00	0.00	0.00	100.00
172233.641	3378.679	3378.679	0.00	0.00	0.00	0.00
61703.398	1580	1580	0.00	0.00	0.00	68.57
8394.88	192	192	0.00	0.00	0.00	0.00
43210.246	994.745	994.745	100.00	0.00	0.00	0.00
9630.949	185	185	0.00	0.00	0.00	0.00
264485.531	6791.28	6791.28	39.38	0.00	0.00	100.00
226016.906	4513.836	4513.836	0.00	0.00	0.00	100.00
96923.773	1950.237	1950.237	0.00	0.00	89.25	0.00
319698.594	8027.575	8027.575	0.00	0.00	0.00	0.00
66926.148	1716	1716	0.00	0.00	0.00	76.77
10038.51	229	229	0.00	0.00	0.00	0.00
49477.402	1145.781	1145.781	100.00	0.00	0.00	41.49
10610.52	224	224	0.00	0.00	0.00	0.00
279768.094	7181.851	7181.851	43.77	0.00	0.00	100.00
239569.297	4764.204	4764.204	0.00	0.00	0.00	100.00
94143.234	1882.23	1882.23	0.00	0.00	0.00	100.00
169595.719	3432.415	3432.415	0.00	0.00	0.00	0.00
61842.629	1584	1584	0.00	0.00	0.00	93.79
9699.68	222	222	0.00	0.00	0.00	0.00
47033.449	1127.553	1127.553	100.00	0.00	0.00	40.91
10052.319	212	212	0.00	0.00	0.00	0.00
290331.188	7451.322	7451.322	66.09	0.00	0.00	100.00
251306.688	4999.522	4999.522	0.00	0.00	0.00	90.56
89882.086	1792.214	1792.214	0.00	0.00	0.00	58.96
196616.969	3924.521	3924.521	0.00	0.00	0.00	0.00
59419.777	1524	1524	0.00	0.00	0.00	36.94
9894.95	225	225	0.00	0.00	44.93	0.00
46068.746	1110.762	1110.762	100.00	0.00	0.00	10.14
10258.279	216	216	0.00	0.00	0.00	0.00
293978.688	7548.198	7548.198	18.33	0.00	0.00	24.24
256971.406	5117.279	5117.279	0.00	0.00	0.00	73.95
96292.398	1939.299	1939.299	0.00	0.00	0.00	41.89
177974.125	3555.743	3555.743	0.00	0.00	0.00	0.00
76766.031	2069	2069	0.00	0.00	0.00	10.91
11558.531	297	297	0.00	0.00	33.09	0.00
50808.422	1260.868	1260.868	100.00	100.00	36.24	12.71
10985.089	231	231	0.00	0.00	0.00	0.00
303446.094	7787.366	7787.366	30.78	0.00	0.00	100.00
316401.75	7795.363	7795.363	0.00	0.00	45.93	0.00
140164.953	3372.402	3372.402	0.00	0.00	79.03	0.00
353920.156	8469.397	8469.397	0.00	0.00	0.00	0.00
86589.977	2558	2558	0.00	0.00	18.54	0.00
8137.57	186.033	186.033	0.00	0.00	0.00	0.00
39048.438	927.651	927.651	100.00	0.00	0.00	17.25
11157.219	214	214	0.00	0.00	0.00	0.00
283579.344	7281.969	7281.969	0.00	0.00	0.00	84.11
253333.828	5080.178	5080.178	0.00	0.00	0.00	6.18
89935.031	1809.223	1809.223	0.00	0.00	0.00	52.69
172797.422	3414.785	3414.785	0.00	0.00	0.00	0.00
54719.789	1401.056	1401.056	0.00	0.00	0.00	6.74
9630.441	220.149	220.149	0.00	0.00	0.00	0.00
37291.402	846.939	846.939	100.00	0.00	0.00	0.00
9986.693	192.143	192.143	0.00	0.00	0.00	0.00
289260.375	7424.252	7424.252	13.28	0.00	0.00	80.90
345772.5	7942.574	7942.574	0.00	0.00	23.47	0.00
90981.258	1817.194	1817.194	0.00	0.00	0.00	31.42
268799.188	6752.309	6752.309	0.00	0.00	0.00	0.00
53789.309	1380.804	1380.804	0.00	0.00	0.00	4.43
8328.961	190	190	0.00	0.00	0.00	0.00
38618.52	877.968	877.968	100.00	0.00	0.00	17.76
11057.189	212.876	212.876	0.00	0.00	0.00	0.00
287068.375	7368.753	7368.753	0.00	0.00	0.00	93.22
274545.969	5510.459	5510.459	0.00	0.00	0.00	23.94
85568.688	1717.246	1717.246	0.00	0.00	0.00	40.90
180762.906	3614.792	3614.792	0.00	0.00	0.00	0.00
66170.523	1697.33	1697.33	0.00	0.00	0.00	0.00
9400.001	214.13	214.13	0.00	0.00	0.00	0.00
41723.863	992.487	992.487	73.52	75.45	19.13	0.00
11039.875	211.301	211.301	0.00	0.00	0.00	0.00
317688.125	8151.948	8151.948	0.00	0.00	0.00	48.41
268990.375	5394.699	5394.699	0.00	0.00	0.00	10.11
117143.602	2548.31	2548.31	0.00	0.00	56.77	0.00
223669.594	5001.277	5001.277	0.00	0.00	0.00	0.00
62733.867	1605.031	1605.031	0.00	0.00	0.00	6.39
9140.497	207.867	207.867	0.00	0.00	0.00	0.00
40929.516	941.235	941.235	11.21	0.00	0.00	0.00
10482.906	201.331	201.331	0.00	0.00	0.00	0.00
311633.312	7998	7998	13.59	0.00	0.00	52.33
257347.531	5162.306	5162.306	0.00	0.00	0.00	0.00
92333.461	1853.231	1853.231	0.00	0.00	0.00	34.34
325224.062	8170.43	8170.43	0.00	0.00	0.00	0.00
64965.086	1668.007	1668.007	0.00	0.00	0.00	0.00
9464.969	214.339	214.339	0.00	0.00	0.00	0.00
43194.832	992.21	992.21	100.00	0.00	0.00	100.00
12101.004	232.266	232.266	0.00	0.00	0.00	0.00
318572.062	8178	8178	8.34	0.00	0.00	25.95
252903.594	5084.38	5084.38	0.00	0.00	0.00	0.00
97045.078	1940.262	1940.262	0.00	0.00	0.00	81.57
191147.375	3816.172	3816.172	0.00	0.00	0.00	0.00
63708.672	1637.16	1637.16	0.00	0.00	0.00	9.73
8823.841	201	201	0.00	0.00	0.00	0.00
41616.348	939.221	939.221	100.00	0.00	0.00	31.74
10062.574	193.287	193.287	0.00	0.00	0.00	0.00
321639.469	8255	8255	18.14	0.00	0.00	100.00
322389.188	7948.267	7948.267	0.00	0.00	18.65	0.00
96088.438	1920.483	1920.483	0.00	0.00	0.00	57.64
191251.656	4798.566	4798.566	0.00	0.00	0.00	0.00
85473.148	2218	2218	0.00	0.00	19.05	0.00
9846.149	224	224	0.00	0.00	0.00	0.00
41569.477	951.57	951.57	33.11	0.00	0.00	0.00
9870.94	189.22	189.22	0.00	0.00	0.00	0.00
339449.906	8714	8714	17.92	0.00	0.00	62.80
264460.25	5337.546	5337.546	0.00	0.00	0.00	6.44
95647.133	2043.536	2043.536	0.00	0.00	48.75	0.00
177548.656	3520.277	3520.277	0.00	0.00	0.00	0.00
71684.273	1862	1862	0.00	0.00	0.00	20.43
8755.287	199.4	199.4	0.00	0.00	0.00	0.00
43603.938	1034.801	1034.801	100.00	0.00	0.00	44.95
9991.271	191.17	191.17	0.00	0.00	0.00	0.00
371524.75	9537.181	9537.181	61.22	0.00	0.00	100.00
338747.812	8360.375	8360.375	0.00	0.00	36.75	0.00
94737.242	1890.528	1890.528	0.00	0.00	0.00	14.57
327740.938	8245.679	8245.679	0.00	0.00	0.00	0.00
61079.074	1591	1591	0.00	0.00	0.00	10.60
10383.679	235.196	235.196	0.00	0.00	0.00	0.00
43486.496	990.348	990.348	34.18	0.00	0.00	100.00
10961.575	210.164	210.164	0.00	0.00	0.00	0.00
370188.688	9501.828	9501.828	28.36	0.00	0.00	100.00
258216.672	5204.512	5204.512	0.00	0.00	0.00	16.48
99714.961	1993.538	1993.538	100.00	0.00	0.00	100.00
186064.922	3715.815	3715.815	0.00	0.00	0.00	0.00
68228.305	1762	1762	0.00	0.00	0.00	22.83
9583.225	218.426	218.426	0.00	0.00	0.00	0.00
43926.938	999.32	999.32	47.06	0.00	0.00	6.22
10548.308	203.089	203.089	0.00	0.00	0.00	0.00
378793.312	9720.409	9720.409	17.91	0.00	0.00	100.00
255154.141	5117.706	5117.706	0.00	0.00	0.00	35.90
97759.805	1950.501	1950.501	0.00	0.00	0.00	64.31
303712.812	7640.547	7640.547	0.00	0.00	0.00	0.00
77363.25	2009	2009	0.00	0.00	0.00	12.34
9838.525	224.198	224.198	0.00	0.00	0.00	0.00
48373.453	1126.309	1126.309	66.80	0.00	0.00	24.85
10182.35	195	195	0.00	0.00	0.00	0.00
393982.781	10113.981	10113.981	17.34	0.00	0.00	78.36
268762.75	5408.62	5408.62	0.00	0.00	0.00	0.00
99201.562	1993.25	1993.25	0.00	0.00	0.00	66.42
210566.844	4209.301	4209.301	0.00	0.00	0.00	0.00
78644.484	2354	2354	0.00	0.00	0.00	13.64
9418.773	214.459	214.459	0.00	0.00	0.00	0.00
57706.113	1441.505	1441.505	55.66	100.00	41.37	13.44
9602.459	184	184	0.00	0.00	0.00	0.00
372810.031	9571.523	9571.523	30.79	0.00	0.00	100.00
325569.219	8007.685	8007.685	0.00	0.00	30.08	0.00
122385.516	2649.344	2649.344	0.00	100.00	54.71	0.00
299913.438	7532.518	7532.518	0.00	0.00	0.00	0.00
70996.789	2133	2133	0.00	0.00	0.00	5.98
9318.314	211.427	211.427	0.00	0.00	0.00	0.00
47497.426	1177.716	1177.716	72.22	0.00	0.00	0.00
9130.059	178	178	0.00	0.00	0.00	0.00
332449.281	8539.329	8539.329	21.70	46.60	16.72	79.94
305611.594	6174.472	6174.472	0.00	0.00	0.00	3.90
95433.086	1912.234	1912.234	0.00	100.00	73.08	0.00
209782.812	5264.441	5264.441	0.00	0.00	0.00	0.00
66998.727	1747	1747	0.00	0.00	0.00	37.41
9610.026	218.363	218.363	0.00	0.00	0.00	0.00
48383.164	1194.231	1194.231	29.49	0.00	0.00	4.09
11659.34	246	246	0.00	0.00	0.00	0.00
361462.469	9285.874	9285.874	25.06	1.65	10.98	55.46
385356.562	9527.75	9527.75	0.00	0.00	23.61	0.00
93675.383	1871.228	1871.228	0.00	100.00	64.97	0.00
240141.531	6036.546	6036.546	0.00	0.00	0.00	0.00
69092.43	1809	1809	0.00	0.00	0.00	0.00
10412.74	237	237	0.00	0.00	0.00	0.00
55283.551	1362.484	1362.484	0.00	0.00	5.53	1.12
10305.609	217	217	0.00	0.00	0.00	0.00
401252.906	10305	10305	0.13	65.23	11.88	29.30
345055.781	6965.753	6965.753	0.00	0.00	0.00	0.00
101523.969	2056.241	2056.241	0.00	100.00	55.28	0.00
235447.062	5913.351	5913.351	0.00	0.00	0.00	0.00
90193.523	2348	2348	0.00	0.00	0.00	11.90
13569.449	343	343	0.00	0.00	0.00	1.03
69983.789	1743.002	1743.002	100.00	100.00	28.05	0.00
13446.969	280	280	0.00	0.00	0.00	0.00
502169.031	12909	12909	32.99	81.81	32.88	82.56
434233.188	10702.856	10702.856	0.00	0.00	100.00	15.64
170956.438	4098.568	4098.568	0.00	58.08	62.48	0.00
417650.75	10501.353	10501.353	0.00	0.00	0.00	0.00
